{
  "accuracy": 0.7599734672604946,
  "f1": 0.818201392377808,
  "precision": 0.7891457843001523,
  "recall": 0.849478390461997,
  "mean_annotator_f1": 0.7905974122629801,
  "std_annotator_f1": 0.2054270669108173,
  "min_annotator_f1": 0.0,
  "max_annotator_f1": 1.0,
  "per_annotator_metrics": {
    "0": {
      "f1": 0.8414634146341463,
      "accuracy": 0.7979274611398963,
      "num_samples": 386
    },
    "1": {
      "f1": 0.8274336283185841,
      "accuracy": 0.7592592592592593,
      "num_samples": 324
    },
    "2": {
      "f1": 0.8,
      "accuracy": 0.7450980392156863,
      "num_samples": 612
    },
    "3": {
      "f1": 0.9583333333333334,
      "accuracy": 0.9259259259259259,
      "num_samples": 27
    },
    "4": {
      "f1": 1.0,
      "accuracy": 1.0,
      "num_samples": 15
    },
    "5": {
      "f1": 0.782791185729276,
      "accuracy": 0.7301173402868318,
      "num_samples": 767
    },
    "6": {
      "f1": 0.8701550387596899,
      "accuracy": 0.8038067349926794,
      "num_samples": 683
    },
    "7": {
      "f1": 0.8155038759689922,
      "accuracy": 0.7746212121212122,
      "num_samples": 528
    },
    "8": {
      "f1": 0.7460732984293194,
      "accuracy": 0.694488188976378,
      "num_samples": 635
    },
    "9": {
      "f1": 0.88,
      "accuracy": 0.815028901734104,
      "num_samples": 519
    },
    "10": {
      "f1": 0.8104222821203954,
      "accuracy": 0.7721382289416847,
      "num_samples": 926
    },
    "11": {
      "f1": 0.7000000000000001,
      "accuracy": 0.6666666666666666,
      "num_samples": 18
    },
    "12": {
      "f1": 0.8828828828828829,
      "accuracy": 0.8194444444444444,
      "num_samples": 144
    },
    "13": {
      "f1": 0.888888888888889,
      "accuracy": 0.8571428571428571,
      "num_samples": 70
    },
    "14": {
      "f1": 0.9090909090909091,
      "accuracy": 0.8461538461538461,
      "num_samples": 52
    },
    "15": {
      "f1": 0.8588957055214724,
      "accuracy": 0.8174603174603174,
      "num_samples": 126
    },
    "16": {
      "f1": 0.7947598253275109,
      "accuracy": 0.6928104575163399,
      "num_samples": 153
    },
    "17": {
      "f1": 0.7760416666666666,
      "accuracy": 0.7409638554216867,
      "num_samples": 332
    },
    "18": {
      "f1": 0.8264462809917356,
      "accuracy": 0.7885906040268457,
      "num_samples": 298
    },
    "19": {
      "f1": 0.7474747474747475,
      "accuracy": 0.691358024691358,
      "num_samples": 81
    },
    "20": {
      "f1": 0.886138613861386,
      "accuracy": 0.8237547892720306,
      "num_samples": 261
    },
    "21": {
      "f1": 0.8121212121212121,
      "accuracy": 0.8012820512820513,
      "num_samples": 156
    },
    "22": {
      "f1": 1.0,
      "accuracy": 1.0,
      "num_samples": 9
    },
    "23": {
      "f1": 0.7647058823529413,
      "accuracy": 0.7037037037037037,
      "num_samples": 27
    },
    "24": {
      "f1": 0.7999999999999999,
      "accuracy": 0.7037037037037037,
      "num_samples": 27
    },
    "25": {
      "f1": 0.9230769230769231,
      "accuracy": 0.8867924528301887,
      "num_samples": 53
    },
    "26": {
      "f1": 0.5205479452054794,
      "accuracy": 0.5679012345679012,
      "num_samples": 81
    },
    "27": {
      "f1": 0.6666666666666666,
      "accuracy": 0.7777777777777778,
      "num_samples": 9
    },
    "28": {
      "f1": 0.8645833333333333,
      "accuracy": 0.7868852459016393,
      "num_samples": 122
    },
    "29": {
      "f1": 0.8555555555555556,
      "accuracy": 0.7992277992277992,
      "num_samples": 259
    },
    "30": {
      "f1": 0.8743169398907102,
      "accuracy": 0.8099173553719008,
      "num_samples": 121
    },
    "31": {
      "f1": 0.8108108108108109,
      "accuracy": 0.7741935483870968,
      "num_samples": 31
    },
    "32": {
      "f1": 0.9268292682926829,
      "accuracy": 0.896551724137931,
      "num_samples": 29
    },
    "33": {
      "f1": 0.7988668555240794,
      "accuracy": 0.6991525423728814,
      "num_samples": 236
    },
    "34": {
      "f1": 0.6923076923076923,
      "accuracy": 0.6546762589928058,
      "num_samples": 139
    },
    "35": {
      "f1": 0.6482758620689655,
      "accuracy": 0.6458333333333334,
      "num_samples": 144
    },
    "36": {
      "f1": 0.8148148148148148,
      "accuracy": 0.7222222222222222,
      "num_samples": 36
    },
    "37": {
      "f1": 0.7368421052631579,
      "accuracy": 0.6153846153846154,
      "num_samples": 13
    },
    "38": {
      "f1": 0.8356807511737089,
      "accuracy": 0.7891566265060241,
      "num_samples": 166
    },
    "39": {
      "f1": 0.8206896551724139,
      "accuracy": 0.7581395348837209,
      "num_samples": 215
    },
    "40": {
      "f1": 0.8672566371681416,
      "accuracy": 0.7857142857142857,
      "num_samples": 70
    },
    "41": {
      "f1": 0.8461538461538461,
      "accuracy": 0.7575757575757576,
      "num_samples": 33
    },
    "42": {
      "f1": 0.8426395939086294,
      "accuracy": 0.7753623188405797,
      "num_samples": 276
    },
    "43": {
      "f1": 0.8510638297872339,
      "accuracy": 0.7941176470588235,
      "num_samples": 34
    },
    "44": {
      "f1": 0.7692307692307692,
      "accuracy": 0.7777777777777778,
      "num_samples": 27
    },
    "45": {
      "f1": 0.84472049689441,
      "accuracy": 0.7747747747747747,
      "num_samples": 111
    },
    "46": {
      "f1": 0.8160919540229885,
      "accuracy": 0.751937984496124,
      "num_samples": 129
    },
    "47": {
      "f1": 0.8823529411764706,
      "accuracy": 0.8333333333333334,
      "num_samples": 24
    },
    "48": {
      "f1": 0.8055555555555556,
      "accuracy": 0.7431192660550459,
      "num_samples": 109
    },
    "49": {
      "f1": 1.0,
      "accuracy": 1.0,
      "num_samples": 10
    },
    "50": {
      "f1": 0.3018867924528302,
      "accuracy": 0.4861111111111111,
      "num_samples": 72
    },
    "51": {
      "f1": 0.7424242424242424,
      "accuracy": 0.6991150442477876,
      "num_samples": 113
    },
    "52": {
      "f1": 0.8135593220338982,
      "accuracy": 0.7380952380952381,
      "num_samples": 84
    },
    "53": {
      "f1": 0.6666666666666666,
      "accuracy": 0.6666666666666666,
      "num_samples": 9
    },
    "54": {
      "f1": 0.8735632183908046,
      "accuracy": 0.8253968253968254,
      "num_samples": 63
    },
    "55": {
      "f1": 0.7857142857142857,
      "accuracy": 0.7073170731707317,
      "num_samples": 41
    },
    "56": {
      "f1": 0.744186046511628,
      "accuracy": 0.6944444444444444,
      "num_samples": 36
    },
    "57": {
      "f1": 0.5454545454545454,
      "accuracy": 0.4444444444444444,
      "num_samples": 9
    },
    "58": {
      "f1": 0.7272727272727273,
      "accuracy": 0.6666666666666666,
      "num_samples": 9
    },
    "59": {
      "f1": 0.676056338028169,
      "accuracy": 0.603448275862069,
      "num_samples": 58
    },
    "60": {
      "f1": 0.8181818181818181,
      "accuracy": 0.7037037037037037,
      "num_samples": 27
    },
    "61": {
      "f1": 0.7499999999999999,
      "accuracy": 0.6666666666666666,
      "num_samples": 18
    },
    "62": {
      "f1": 0.8148148148148148,
      "accuracy": 0.7058823529411765,
      "num_samples": 17
    },
    "63": {
      "f1": 0.8085106382978724,
      "accuracy": 0.75,
      "num_samples": 36
    },
    "64": {
      "f1": 0.888888888888889,
      "accuracy": 0.8333333333333334,
      "num_samples": 12
    },
    "65": {
      "f1": 0.7719298245614036,
      "accuracy": 0.7450980392156863,
      "num_samples": 51
    },
    "66": {
      "f1": 0.6666666666666666,
      "accuracy": 0.6666666666666666,
      "num_samples": 9
    },
    "67": {
      "f1": 1.0,
      "accuracy": 1.0,
      "num_samples": 4
    },
    "68": {
      "f1": 0.8717948717948718,
      "accuracy": 0.8148148148148148,
      "num_samples": 27
    },
    "69": {
      "f1": 0.923076923076923,