{
  "accuracy": 0.7632900596986639,
  "f1": 0.8191427743990732,
  "precision": 0.7965361869895804,
  "recall": 0.843070044709389,
  "mean_annotator_f1": 0.7803940191388258,
  "std_annotator_f1": 0.21715847222645604,
  "min_annotator_f1": 0.0,
  "max_annotator_f1": 1.0,
  "per_annotator_metrics": {
    "0": {
      "f1": 0.8501026694045175,
      "accuracy": 0.810880829015544,
      "num_samples": 386
    },
    "1": {
      "f1": 0.8329621380846326,
      "accuracy": 0.7685185185185185,
      "num_samples": 324
    },
    "2": {
      "f1": 0.8031290743155151,
      "accuracy": 0.7532679738562091,
      "num_samples": 612
    },
    "3": {
      "f1": 0.9166666666666666,
      "accuracy": 0.8518518518518519,
      "num_samples": 27
    },
    "4": {
      "f1": 1.0,
      "accuracy": 1.0,
      "num_samples": 15
    },
    "5": {
      "f1": 0.7941176470588235,
      "accuracy": 0.7444589308996089,
      "num_samples": 767
    },
    "6": {
      "f1": 0.8720930232558141,
      "accuracy": 0.8067349926793558,
      "num_samples": 683
    },
    "7": {
      "f1": 0.8137715179968701,
      "accuracy": 0.7746212121212122,
      "num_samples": 528
    },
    "8": {
      "f1": 0.753315649867374,
      "accuracy": 0.7070866141732284,
      "num_samples": 635
    },
    "9": {
      "f1": 0.8664987405541562,
      "accuracy": 0.7957610789980732,
      "num_samples": 519
    },
    "10": {
      "f1": 0.8115419296663662,
      "accuracy": 0.7742980561555075,
      "num_samples": 926
    },
    "11": {
      "f1": 0.7368421052631579,
      "accuracy": 0.7222222222222222,
      "num_samples": 18
    },
    "12": {
      "f1": 0.8450704225352111,
      "accuracy": 0.7708333333333334,
      "num_samples": 144
    },
    "13": {
      "f1": 0.8817204301075269,
      "accuracy": 0.8428571428571429,
      "num_samples": 70
    },
    "14": {
      "f1": 0.896551724137931,
      "accuracy": 0.8269230769230769,
      "num_samples": 52
    },
    "15": {
      "f1": 0.8711656441717791,
      "accuracy": 0.8333333333333334,
      "num_samples": 126
    },
    "16": {
      "f1": 0.7929515418502202,
      "accuracy": 0.6928104575163399,
      "num_samples": 153
    },
    "17": {
      "f1": 0.7872340425531915,
      "accuracy": 0.7590361445783133,
      "num_samples": 332
    },
    "18": {
      "f1": 0.8215297450424929,
      "accuracy": 0.7885906040268457,
      "num_samples": 298
    },
    "19": {
      "f1": 0.7083333333333333,
      "accuracy": 0.654320987654321,
      "num_samples": 81
    },
    "20": {
      "f1": 0.8811881188118811,
      "accuracy": 0.8160919540229885,
      "num_samples": 261
    },
    "21": {
      "f1": 0.8220858895705522,
      "accuracy": 0.8141025641025641,
      "num_samples": 156
    },
    "22": {
      "f1": 1.0,
      "accuracy": 1.0,
      "num_samples": 9
    },
    "23": {
      "f1": 0.8125,
      "accuracy": 0.7777777777777778,
      "num_samples": 27
    },
    "24": {
      "f1": 0.7999999999999999,
      "accuracy": 0.7037037037037037,
      "num_samples": 27
    },
    "25": {
      "f1": 0.935064935064935,
      "accuracy": 0.9056603773584906,
      "num_samples": 53
    },
    "26": {
      "f1": 0.5671641791044777,
      "accuracy": 0.6419753086419753,
      "num_samples": 81
    },
    "27": {
      "f1": 0.6666666666666666,
      "accuracy": 0.7777777777777778,
      "num_samples": 9
    },
    "28": {
      "f1": 0.8465608465608465,
      "accuracy": 0.7622950819672131,
      "num_samples": 122
    },
    "29": {
      "f1": 0.859504132231405,
      "accuracy": 0.803088803088803,
      "num_samples": 259
    },
    "30": {
      "f1": 0.8743169398907102,
      "accuracy": 0.8099173553719008,
      "num_samples": 121
    },
    "31": {
      "f1": 0.8333333333333333,
      "accuracy": 0.8064516129032258,
      "num_samples": 31
    },
    "32": {
      "f1": 0.9,
      "accuracy": 0.8620689655172413,
      "num_samples": 29
    },
    "33": {
      "f1": 0.7828571428571429,
      "accuracy": 0.6779661016949152,
      "num_samples": 236
    },
    "34": {
      "f1": 0.7189542483660131,
      "accuracy": 0.6906474820143885,
      "num_samples": 139
    },
    "35": {
      "f1": 0.6619718309859155,
      "accuracy": 0.6666666666666666,
      "num_samples": 144
    },
    "36": {
      "f1": 0.7692307692307693,
      "accuracy": 0.6666666666666666,
      "num_samples": 36
    },
    "37": {
      "f1": 0.7368421052631579,
      "accuracy": 0.6153846153846154,
      "num_samples": 13
    },
    "38": {
      "f1": 0.8436018957345971,
      "accuracy": 0.8012048192771084,
      "num_samples": 166
    },
    "39": {
      "f1": 0.8380281690140844,
      "accuracy": 0.786046511627907,
      "num_samples": 215
    },
    "40": {
      "f1": 0.8672566371681416,
      "accuracy": 0.7857142857142857,
      "num_samples": 70
    },
    "41": {
      "f1": 0.8627450980392156,
      "accuracy": 0.7878787878787878,
      "num_samples": 33
    },
    "42": {
      "f1": 0.8402061855670104,
      "accuracy": 0.7753623188405797,
      "num_samples": 276
    },
    "43": {
      "f1": 0.8085106382978723,
      "accuracy": 0.7352941176470589,
      "num_samples": 34
    },
    "44": {
      "f1": 0.6923076923076923,
      "accuracy": 0.7037037037037037,
      "num_samples": 27
    },
    "45": {
      "f1": 0.8322981366459626,
      "accuracy": 0.7567567567567568,
      "num_samples": 111
    },
    "46": {
      "f1": 0.8333333333333334,
      "accuracy": 0.7829457364341085,
      "num_samples": 129
    },
    "47": {
      "f1": 0.9090909090909091,
      "accuracy": 0.875,
      "num_samples": 24
    },
    "48": {
      "f1": 0.7916666666666666,
      "accuracy": 0.7247706422018348,
      "num_samples": 109
    },
    "49": {
      "f1": 1.0,
      "accuracy": 1.0,
      "num_samples": 10
    },
    "50": {
      "f1": 0.3018867924528302,
      "accuracy": 0.4861111111111111,
      "num_samples": 72
    },
    "51": {
      "f1": 0.7424242424242424,
      "accuracy": 0.6991150442477876,
      "num_samples": 113
    },
    "52": {
      "f1": 0.7966101694915255,
      "accuracy": 0.7142857142857143,
      "num_samples": 84
    },
    "53": {
      "f1": 0.6666666666666666,
      "accuracy": 0.6666666666666666,
      "num_samples": 9
    },
    "54": {
      "f1": 0.9111111111111112,
      "accuracy": 0.873015873015873,
      "num_samples": 63
    },
    "55": {
      "f1": 0.7931034482758621,
      "accuracy": 0.7073170731707317,
      "num_samples": 41
    },
    "56": {
      "f1": 0.7272727272727272,
      "accuracy": 0.6666666666666666,
      "num_samples": 36
    },
    "57": {
      "f1": 0.6666666666666666,
      "accuracy": 0.5555555555555556,
      "num_samples": 9
    },
    "58": {
      "f1": 0.6666666666666666,
      "accuracy": 0.5555555555555556,
      "num_samples": 9
    },
    "59": {
      "f1": 0.6857142857142857,
      "accuracy": 0.6206896551724138,
      "num_samples": 58
    },
    "60": {
      "f1": 0.8181818181818181,
      "accuracy": 0.7037037037037037,
      "num_samples": 27
    },
    "61": {
      "f1": 0.7499999999999999,
      "accuracy": 0.6666666666666666,
      "num_samples": 18
    },
    "62": {
      "f1": 0.8148148148148148,
      "accuracy": 0.7058823529411765,
      "num_samples": 17
    },
    "63": {
      "f1": 0.7555555555555556,
      "accuracy": 0.6944444444444444,
      "num_samples": 36
    },
    "64": {
      "f1": 0.888888888888889,
      "accuracy": 0.8333333333333334,
      "num_samples": 12
    },
    "65": {
      "f1": 0.8070175438596492,
      "accuracy": 0.7843137254901961,
      "num_samples": 51
    },
    "66": {
      "f1": 0.8,
      "accuracy": 0.7777777777777778,
      "num_samples": 9
    },
    "67": {
      "f1": 1.0,
      "accuracy": 1.0,
      "num_samples": 4
    },
    "68": {
      "f1": 0.8500000000000001,
      "accuracy": 0.7777777777777778,
      "num_samples": 27
    },
    "69": {
      "f1": 0.6,
      "accuracy": 0.5555555555555556,