{
  "accuracy": 0.8690476190476191,
  "f1": 0.9299363057324841,
  "precision": 0.8690476190476191,
  "recall": 1.0,
  "mean_annotator_f1": 0.9280423260008033,
  "std_annotator_f1": 0.04535741888350995,
  "min_annotator_f1": 0.8610169491525423,
  "max_annotator_f1": 0.9724770642201834,
  "per_annotator_metrics": {
    "0": {
      "f1": 0.9724770642201834,
      "accuracy": 0.9464285714285714,
      "num_samples": 168
    },
    "1": {
      "f1": 0.9724770642201834,
      "accuracy": 0.9464285714285714,
      "num_samples": 168
    },
    "2": {
      "f1": 0.9661538461538461,
      "accuracy": 0.9345238095238095,
      "num_samples": 168
    },
    "3": {
      "f1": 0.88,
      "accuracy": 0.7857142857142857,
      "num_samples": 168
    },
    "4": {
      "f1": 0.8610169491525423,
      "accuracy": 0.7559523809523809,
      "num_samples": 168
    },
    "5": {
      "f1": 0.9161290322580644,
      "accuracy": 0.8452380952380952,
      "num_samples": 168
    }
  },
  "num_annotators_evaluated": 6
}